42312,1,0,A,kurs skrócony do: Bolszewo Strażacka 02
42309,1,1,G,kurs do: Góra Szkolna (do przystanku Bolszewo Prusa 01 po trasie)
42310,1,1,G,kurs do: Góra Szkolna (do przystanku Bolszewo Prusa 01 po trasie)
42323,4,0,A,kurs skrócony do: Wejherowo Sobieskiego - GS 02
42324,4,0,B,kurs skrócony do: Wejherowo Budowlanych 02
42326,4,0,B,kurs skrócony do: Wejherowo Budowlanych 02
42319,4,1,A,kurs do: Orle Szkoła
42320,4,1,B,kurs do: Bolszewo Słoneczna
42336,5,0,B,kurs do: Broniewskiego - Dworzec PKP. Dalej jako linia 1 do: Os. Fenikowskiego
42327,5,1,A,kurs do: Orle Szkoła
42328,5,1,A,kurs do: Orle Szkoła
42329,5,1,A,kurs do: Orle Szkoła
42286,6,1,A,kurs do: Os. Fenikowskiego przez: Szpital
42343,7,0,A,kurs do: Wejherowo Dworzec PKP
42345,7,0,A,kurs do: Wejherowo Dworzec PKP
42347,7,0,A,kurs do: Wejherowo Dworzec PKP
42340,7,1,A,kurs do: Gościcino Szkoła bez zajazdu na: Gościcino PKP
42341,7,1,A,kurs do: Gościcino Szkoła bez zajazdu na: Gościcino PKP
42359,10,1,A,kurs skrócony do: Gościcino Równa 04
42358,10,1,A,kurs skrócony do: Gościcino Równa 04
42360,10,1,B,kurs do: Kębłowo Wiejska 02 (zatoka przy ul. Wejherowskiej)
42374,12,0,A,kurs do: Wejherowo Dworzec PKP
42375,12,0,B,kurs skrócony do: Wejherowo Broniewskiego - Dworzec PKP 02
42390,18,1,Z,kurs skrócony do: Reda Ciechocino 02
42328,5,1,B,kurs do: Orle Szkoła przez: Bolszewo Paradyż
42329,5,1,B,kurs do: Orle Szkoła przez: Bolszewo Paradyż
42352,8,0,C,kurs z podjazdem do Ciechocina
42348,8,1,C,kurs z podjazdem do Ciechocina
42350,8,1,C,kurs z podjazdem do Ciechocina
42351,8,1,C,kurs z podjazdem do Ciechocina
42370,11,0,A,kurs przez: Szpital
42371,11,0,A,kurs przez: Szpital
42371,11,0,B,kurs przez: Szpital i Karnowskiego
42367,11,1,A,kurs przez: Szpital
42368,11,1,A,kurs przez: Szpital
42366,11,1,B,kurs przez: Karnowskiego
42368,11,1,B,kurs przez: Karnowskiego
42376,12,0,C,kurs przez os. Kaszubskie (nie kursuje przez: Pruszkowskiego)
42372,12,1,A,kurs przez os. Kaszubskie
